Artist,Unknown
Album,Unknown
Track #,Title,Duration
1,Unknown,0:01

Artist,Empty Slot 02
Album,No Album
Track #,Title,Duration

Artist,Empty Slot 03
Album,No Album
Track #,Title,Duration

Artist,Empty Slot 04
Album,No Album
Track #,Title,Duration

Artist,Empty Slot 05
Album,No Album
Track #,Title,Duration

Artist,Empty Slot 06
Album,No Album
Track #,Title,Duration

Artist,Empty Slot 07
Album,No Album
Track #,Title,Duration

Artist,Empty Slot 08
Album,No Album
Track #,Title,Duration

Artist,Empty Slot 09
Album,No Album
Track #,Title,Duration

Artist,Empty Slot 10
Album,No Album
Track #,Title,Duration

Artist,Empty Slot 11
Album,No Album
Track #,Title,Duration

Artist,Empty Slot 12
Album,No Album
Track #,Title,Duration

Artist,Empty Slot 13
Album,No Album
Track #,Title,Duration

Artist,Empty Slot 14
Album,No Album
Track #,Title,Duration

Artist,Empty Slot 15
Album,No Album
Track #,Title,Duration

Artist,Empty Slot 16
Album,No Album
Track #,Title,Duration

Artist,Empty Slot 17
Album,No Album
Track #,Title,Duration

Artist,Empty Slot 18
Album,No Album
Track #,Title,Duration

Artist,Empty Slot 19
Album,No Album
Track #,Title,Duration

Artist,Empty Slot 20
Album,No Album
Track #,Title,Duration

Artist,Empty Slot 21
Album,No Album
Track #,Title,Duration

Artist,Empty Slot 22
Album,No Album
Track #,Title,Duration

Artist,Empty Slot 23
Album,No Album
Track #,Title,Duration

Artist,Empty Slot 24
Album,No Album
Track #,Title,Duration

Artist,Empty Slot 25
Album,No Album
Track #,Title,Duration

Artist,Empty Slot 26
Album,No Album
Track #,Title,Duration

Artist,Empty Slot 27
Album,No Album
Track #,Title,Duration

Artist,Empty Slot 28
Album,No Album
Track #,Title,Duration

Artist,Empty Slot 29
Album,No Album
Track #,Title,Duration

Artist,Empty Slot 30
Album,No Album
Track #,Title,Duration

Artist,Empty Slot 31
Album,No Album
Track #,Title,Duration

Artist,Empty Slot 32
Album,No Album
Track #,Title,Duration

Artist,Empty Slot 33
Album,No Album
Track #,Title,Duration

Artist,Empty Slot 34
Album,No Album
Track #,Title,Duration

Artist,Empty Slot 35
Album,No Album
Track #,Title,Duration

Artist,Empty Slot 36
Album,No Album
Track #,Title,Duration

Artist,Empty Slot 37
Album,No Album
Track #,Title,Duration

Artist,Empty Slot 38
Album,No Album
Track #,Title,Duration

Artist,Empty Slot 39
Album,No Album
Track #,Title,Duration

Artist,Empty Slot 40
Album,No Album
Track #,Title,Duration

Artist,Empty Slot 41
Album,No Album
Track #,Title,Duration

Artist,Empty Slot 42
Album,No Album
Track #,Title,Duration

Artist,Empty Slot 43
Album,No Album
Track #,Title,Duration

Artist,Empty Slot 44
Album,No Album
Track #,Title,Duration

Artist,Empty Slot 45
Album,No Album
Track #,Title,Duration

Artist,Empty Slot 46
Album,No Album
Track #,Title,Duration

Artist,Empty Slot 47
Album,No Album
Track #,Title,Duration

Artist,Empty Slot 48
Album,No Album
Track #,Title,Duration

Artist,Empty Slot 49
Album,No Album
Track #,Title,Duration

Artist,Empty Slot 50
Album,No Album
Track #,Title,Duration

Artist,Empty Slot 51
Album,No Album
Track #,Title,Duration

Artist,Empty Slot 52
Album,No Album
Track #,Title,Duration

